period_start(clock_cycles),period_end(clock_cycles),job_end(clock_cycles),job_deadline(clock_cycles),job_elapsed(clock_cycles),period_start(seconds),period_end(seconds),job_end(seconds),job_deadline(seconds),job_elapsed(seconds),deadline_status(1=met),job_utilization,job_density
8794561826,9410760691,9410759025,9410760691,616197199,54.752455040,60.914359520,60.914352830,60.914359520,6.161897790,1,1,1
9410760691,10021410456,10021408818,10021410456,610648127,60.914359520,67.020856840,67.020850520,67.020856840,6.106491000,1,1,1
10021410456,10632046328,10632044916,10632046328,610634460,67.020856840,73.127215950,73.127210330,73.127215950,6.106353490,1,1,1
10632046328,11242281719,11242280343,11242281719,610234015,73.127215950,79.229570640,79.229564160,79.229570640,6.102348210,1,1,1
11242281719,11852840556,11852839131,11852840556,610557412,79.229570640,85.335158660,85.335152420,85.335158660,6.105581780,1,1,1
11852840556,12467941573,12467940094,12467941573,615099538,85.335158660,91.486168800,91.486162500,91.486168800,6.151003840,1,1,1
12467941573,13078586511,13078585088,13078586511,610643515,91.486168800,97.592617820,97.592611730,97.592617820,6.106442930,1,1,1
13078586511,13688833720,13688832306,13688833720,610245795,97.592617820,103.695089850,103.695084090,103.695089850,6.102466270,1,1,1
13688833720,14299459939,14299458546,14299459939,610624826,103.695089850,109.801352830,109.801346330,109.801352830,6.106256480,1,1,1
14299459939,14910088219,14910086843,14910088219,610626904,109.801352830,115.907635630,115.907629200,115.907635630,6.106276370,1,1,1
14910088219,15520756976,15520755578,15520756976,610667359,115.907635630,122.014322820,122.014316600,122.014322820,6.106680970,1,1,1
15520756976,16130974558,16130973165,16130974558,610216189,122.014322820,128.116499070,128.116492520,128.116499070,6.102169700,1,1,1
16130974558,16741615396,16741613988,16741615396,610639430,128.116499070,134.222907060,134.222901010,134.222907060,6.106401940,1,1,1
16741615396,17352327363,17352325983,17352327363,610710587,134.222907060,140.330026740,140.330020670,140.330026740,6.107113610,1,1,1
17352327363,17967385084,17967383671,17967385084,615056308,140.330026740,146.480603900,146.480597550,146.480603900,6.150570810,1,1,1
17967385084,18578004418,18578003013,18578004418,610617929,146.480603900,152.586797280,152.586790910,152.586797280,6.106187010,1,1,1
18578004418,19188235484,19188234065,19188235484,610229647,152.586797280,158.689107880,158.689101750,158.689107880,6.102304470,1,1,1
19188235484,19798829448,19798828067,19798829448,610592583,158.689107880,164.795047930,164.795041530,164.795047930,6.105933650,1,1,1
19798829448,20409453867,20409452407,20409453867,610622959,164.795047930,170.901291720,170.901285350,170.901291720,6.106237420,1,1,1
20409453867,21019733844,21019732418,21019733844,610278551,170.901291720,177.004091530,177.004085120,177.004091530,6.102793400,1,1,1
